userMediaCount,userFollowerCount,userFollowingCount,userHasHighlighReels,userHasExternalUrl,userTagsCount,userBiographyLength,usernameLength,usernameDigitCount,automatedBehaviour,combined_posts
97,1612,7108,0,1,36,133,12,0,1,-2864588633329782141
863,3028,912,1,0,77,99,11,0,1,3984059944561358176
149,5213,1157,1,1,56,120,18,0,1,-5598427377043881870
33,12423,1763,0,0,2,55,13,0,1,-959480697426849323
1000,9496,2412,1,0,91,33,8,0,1,-7955951977649335213
74,3093,1087,1,1,266,74,10,0,1,8923198218706492191
277,5896,1880,1,0,39,85,11,0,1,5567207901549926490
176,7957,2801,1,1,57,138,10,0,1,-3073471616017938372
477,4277,1734,1,1,314,150,7,0,1,3049185955102233849
230,9997,1219,1,0,196,85,11,0,1,1191814629165410454
150,5795,301,1,1,35,89,10,0,1,6427985814914426894
259,7099,2259,1,0,165,94,12,0,1,6824563636929893013
254,1640,2580,1,1,54,71,14,0,1,-3751454217470283633
24,1159,401,1,1,11,57,13,0,1,303699091442046124
74,6462,5357,1,0,14,44,6,0,1,-494082967901920236
3,7625,738,1,0,0,144,13,0,1,244592164682742674
584,1285,2755,1,0,31,112,14,0,1,-8093366625252315699
216,4335,1334,0,0,23,105,14,0,1,-5263588281798973959
12,4096,669,0,0,5,137,20,0,1,4702505265496236069
10,1546,677,1,0,16,13,14,0,1,-4670127707911190936
93,4763,3324,1,0,1,146,19,0,1,-8923269191352911089
10,1239,518,1,0,0,75,15,0,1,8770092646944435716
655,7718,308,0,0,24,43,11,0,1,1093984790774601116
487,29994,6757,1,1,512,108,15,0,1,6998388945231942707
735,4583,826,1,1,95,120,6,2,1,6540894363396159362
22,5195,597,0,1,6,0,12,0,1,-885044325594299092
29,1966,1061,1,1,0,123,30,0,1,1610118068896898209
120,22409,2281,1,1,70,113,16,0,1,-3191891825287770534
1000,4005,1086,0,1,112,125,10,0,1,-1538314618647382878
57,7529,1408,0,1,10,29,16,0,1,3764506279291663124
1000,26157,1109,0,1,79,86,16,0,1,3293995240392684802
201,8410,1458,1,1,157,117,18,0,1,-6001313563980965536
354,898,38,0,1,20,99,7,0,1,7664836704899259380
828,19663,2619,1,1,325,144,7,0,1,8456009845559836150
21,2703,1882,0,0,72,50,20,0,1,-1875334751333146739
75,3906,1570,0,1,9,139,19,0,1,-1758166785684743439
30,10929,363,0,0,18,29,13,0,1,3127504472712652104
14,4205,1247,1,1,70,55,13,0,1,4462615097640744587
54,1827,660,1,1,44,50,16,0,1,1697974876294135481
1000,9190,3480,0,1,37,128,15,3,1,-7031569501498191920
98,3669,391,0,1,29,128,14,0,1,6172607815211338415
115,850,1285,1,0,27,107,12,0,1,1562956607664050593
51,562,1556,0,0,5,0,10,4,1,-752093449927534269
113,7157,1906,1,0,6,150,6,0,1,-6652190670851014398
78,2000,1611,1,0,176,90,14,2,1,-2423929775437391659
1000,26200,4121,1,1,0,119,13,0,1,455760176383595314
67,7931,6669,1,0,27,36,10,2,1,-7694591822978414302
39,324,404,0,0,0,82,9,0,1,5619901551188215563
82,9312,6663,1,0,7,9,14,0,1,6222608518214889612
97,11075,4748,1,1,49,144,8,2,1,5965441407349574753
113,20443,811,1,1,172,52,13,0,1,-7611006994525334651
75,13729,956,0,1,1,130,12,0,1,1603618437365788062
38,1246,1245,0,0,5,28,5,3,1,861127180146101816
11,1804,577,0,0,6,97,9,0,1,-3746650892921235340
12,1414,488,1,0,135,114,10,2,1,1411428801144508491
1000,8675,1799,1,0,205,81,18,0,1,7914810929985112903
64,2402,1729,1,0,24,39,11,3,1,-280511362626779149
26,1903,625,0,0,1,73,10,0,1,7814494733901483234
327,2398,1468,1,0,165,150,8,1,1,-4670385186815054878
141,20593,3891,1,1,512,87,12,0,1,5613705816657093079
148,1549,1660,0,0,4,120,8,4,1,8360921169673153981
11,2199,1100,1,0,44,108,5,2,1,-3513625762383875650
4,264,172,0,0,5,8,12,2,1,-4401293046036701071
502,3968,2127,1,1,87,63,18,0,1,7855521655494444615
65,4415,6777,1,1,2,132,22,1,1,3743359878776470782
38,669,417,1,0,2,12,14,0,1,8928428911011292475
473,20244,1,1,1,1920,140,19,0,1,6163485996237722285
59,1144,2057,1,0,33,133,8,0,1,-8154892832809565867
91,1310,774,0,1,5,132,13,0,1,1690790649681210750
15,82,502,1,0,0,122,11,2,1,-7056390986426887898
14,338,913,0,0,1,53,7,0,1,-6952761479145186895
458,1956,1914,1,1,7,145,18,2,1,-7908356812043463115
594,492,2774,0,1,2,87,7,4,1,-7372193229910233458
63,982,2759,0,1,0,73,11,3,1,-1193234013163362646
303,884,1100,1,0,15,92,10,2,1,8787992676769134032
1,156,451,0,0,0,0,10,0,1,-1739032079429392590
26,334,811,1,0,2,75,14,1,1,-4869406567798069394
0,619,1747,0,1,2,78,18,0,1,5740354900026072187
36,342,806,1,0,5,58,11,6,1,308601641533411565
29,521,343,0,0,5,66,9,0,1,-917965799625545595
6,592,1003,1,0,20,56,12,0,1,-1864607269097179706
112,721,1699,0,1,45,67,11,0,1,-6000477048031533510
32,421,1182,1,0,0,136,23,0,1,-6023646539491035900
532,925,1110,1,0,31,6,9,0,1,-6017563690677499741
31,385,256,1,0,21,88,12,0,1,1719814003856234681
4,9605,7274,1,0,4,20,7,0,1,-8040145173812088626
170,2662,3909,1,1,9,130,7,0,1,1707012001732314541
212,2417,1343,1,0,53,144,11,2,1,-7268418200165342329
1000,11076,4416,1,1,273,116,10,0,1,8441378710290331644
32,626,306,1,0,5,125,12,1,1,-3088032540381919035
258,3843,3354,1,1,27,131,21,0,1,3828664385601661754
2,691,496,0,0,1,29,27,3,1,8005682377701501830
88,3038,3920,0,0,13,0,13,0,1,2961497967071942661
30,1567,4441,0,0,24,112,19,0,1,5373200081523859324
498,1473,5812,1,1,168,131,9,0,1,-7764886596347422475
18,180,1237,0,1,0,100,23,0,1,8075266614924838488
304,10809,4735,1,1,48,138,9,0,1,-7938256072994439143
179,1327,6277,1,0,1,25,12,0,1,4369027878584709775
0,1074,2348,0,0,0,17,16,0,1,5740354900026072187
135,1940,1800,1,0,27,147,8,0,1,3662358840469281759
4,1285,3782,0,0,0,98,13,0,1,7310099928597363281
27,458,1423,0,0,0,0,14,0,1,3335320564289191669
99,39737,3825,1,1,219,149,17,0,1,3637374137455604667
41,465,4372,0,0,12,77,12,0,1,-6150285787910049359
130,6197,1906,1,0,11,27,16,0,1,2717064114258065130
1000,12814,1888,1,1,457,144,13,0,1,3798484491963607202
1000,6273,1508,1,1,3651,130,16,0,1,-1873979172917104535
524,4744,2326,1,1,24,141,11,0,1,1810932941373515310
263,9528,1079,1,0,148,115,13,0,1,-6758480791733022031
271,3124,3710,0,1,3,109,13,0,1,-4085062524097349458
232,1966,2152,0,0,3,50,16,0,1,8642246080799151654
22,760,525,0,0,14,6,9,0,1,-7912166074866816551
58,1771,1898,0,0,0,15,9,0,1,-6903630178940453556
672,4827,6408,0,1,315,84,17,0,1,-830257772052680163
130,16159,2735,1,1,26,29,11,0,1,4594044399341332142
180,2536,2715,0,1,23,148,13,0,1,6311567851464900892
330,1568,765,0,0,83,74,11,0,1,-8298036997005973928
403,4677,1423,1,1,22,149,17,0,1,4960289673212251225
104,1825,1297,0,1,29,35,19,0,1,9005769016317101849
447,1028,1174,1,1,1,150,11,0,1,-1422431321795651808
142,5575,5018,0,1,40,138,14,0,1,7169310434591879527
1000,31106,4525,1,1,291,131,10,0,1,-9167710305142799661
97,10246,4380,1,1,1,135,13,0,1,-1203302023305520996
34,784,6620,1,1,4,148,18,0,1,1450444593351056214
53,3060,7466,0,0,1,150,16,0,1,-4670540063808117400
1000,1441,2888,0,0,30,13,8,0,1,8377710644412366750
222,5668,3295,0,0,72,66,14,0,1,-1603861791548844925
1,860,1174,0,1,4,48,10,0,1,5116489789029162129
161,6625,2703,1,1,33,100,18,0,1,-122854391755710712
35,6968,4756,1,0,89,126,18,0,1,-581907881413623963
10,1220,704,0,0,17,134,14,0,1,1196070934413373596
979,1266,697,1,1,47,60,14,0,1,-470778527703847598
27,1251,7336,0,1,8,111,13,0,1,733613089445054218
284,3469,1586,1,0,52,94,9,0,1,379836555364482648
315,997,314,0,0,20,25,14,0,1,4937442779285447378
344,1621,4466,0,1,4,94,14,2,1,3865142294891940490
206,12416,2849,0,0,5,22,11,0,1,-2989886318472181171
47,3972,4595,0,0,0,31,13,0,1,3692140395017070866
43,606,1235,0,0,0,138,13,0,1,-3680260153473727297
1000,6292,1512,0,0,1256,59,13,0,1,3625187425541056291
531,309,483,0,0,4,87,24,0,1,6205881050213281795
75,339,562,1,1,0,107,7,0,1,-8949252204301592055
124,10281,0,1,0,205,100,17,0,1,-8214289718193324597
96,2915,485,1,0,9,66,16,0,1,6271892037187875198
163,2660,5241,1,1,21,114,22,0,1,-2625376576304913903
92,22630,808,1,0,66,114,16,0,1,-1949128456439904645
1000,7296,3480,1,0,186,149,13,1,1,-5456050219897446641
0,22,0,0,0,0,0,14,0,1,5740354900026072187
305,2157,2982,0,1,10,39,15,0,1,8555925286844838343
192,3242,1827,1,0,14,127,10,0,1,-5952751159779358698
385,1347,518,0,0,1,81,7,0,1,1264770034484192763
304,1680,485,1,0,30,100,17,0,1,8427071429007133774
329,3105,1139,1,1,160,148,10,0,1,-990134452408736753
420,10121,3085,0,1,82,95,10,0,1,4763265474467323743
16,724,646,1,1,0,0,15,2,1,598555725714479205
54,210,1674,0,0,0,128,13,1,1,-3019944360430417996
0,345,3387,0,0,0,85,18,0,1,5740354900026072187
0,404,3396,0,0,0,91,25,0,1,5740354900026072187
1000,11687,3874,0,0,0,133,14,1,1,6780803565513918880
152,1145,683,0,0,32,116,12,0,1,-4406624279586068752
8,24,50,0,0,0,63,16,1,1,-8967631539659851063
19,241,15,0,0,2,59,10,0,1,-8963307584149623923
63,3773,2698,0,0,3,57,9,0,1,-4473599320971092741
143,2915,2111,0,0,44,70,11,0,1,5998633422407370308
1000,11604,7399,1,0,300,106,10,0,1,-2193870645248589859
191,1906,814,1,1,89,39,21,0,1,2530009057957989674
25,12440,4971,0,1,18,106,10,0,1,1975423249604455374
16,284,382,0,0,8,133,12,0,1,4784692091832505999
244,3383,1115,1,1,37,116,10,0,1,2361203855694769967
449,11812,6503,1,1,291,62,20,0,1,8350511437384957858
1,35188,738,1,1,23,0,13,0,1,7343240735917077971
49,1643,473,0,0,2,86,21,0,1,2947537319348913393
1000,5757,653,1,0,153,100,9,0,1,3066929490223820451
62,798,942,1,1,0,139,17,0,1,1896775101810820939
1,377,259,0,0,0,113,11,0,1,3321195557853403075
376,1273,567,0,1,17,86,8,0,1,-4106247161960136140
590,6589,726,1,1,85,113,9,1,1,-121820551206009342
22,1030,591,0,0,0,23,9,0,1,8401082337477679755
252,5339,2998,0,1,80,148,28,0,1,-4324252714285048367
571,18339,2086,1,0,17,113,11,3,1,-981963801347960593
22,2701,2014,1,0,9,25,13,0,1,9194494140405888039
695,39327,7459,1,1,1359,81,13,0,1,2096421314805833807
17,2211,3778,0,0,5,150,14,0,1,-8046486684047994041
320,4994,4481,0,1,717,129,20,0,1,1887166266014916982
18,2005,1759,0,0,20,26,13,0,1,-4071109086018161521
317,2555,2144,0,0,77,133,10,0,1,7686728667873146024
99,806,1261,0,1,3,137,9,0,1,-7898879843368023566
135,1384,1555,1,1,5,122,18,0,1,-5389352261304251971
76,1807,2841,1,1,0,136,19,0,1,664295494642866031
1000,17068,2202,1,1,876,128,12,0,1,-8799891061640710609
117,2751,5985,0,0,14,150,13,0,1,9087792801464555880
285,4403,5002,1,0,45,26,17,0,1,-7095039012042381343
106,4452,3937,0,1,1,47,13,0,1,6193931978559508691
1000,13736,5920,1,1,12,150,12,0,1,-783839088629027308
302,1498,1530,1,0,121,73,10,0,1,618121957204672067
408,52480,1566,1,0,9,39,15,0,1,742670484779049237
63,23284,2828,1,1,27,125,13,0,1,8999073747321735208
92,11135,1560,0,0,603,26,25,0,1,-2402954537978297280
191,656,1824,0,1,2,93,19,0,1,-7729612296865712493
119,4692,347,1,1,55,142,15,0,1,7738803453299985296
9,1104,24,0,1,18,119,12,0,1,-6183817503448676105
112,2477,995,1,1,12,72,20,0,1,-1010197015371668210
21,1199,1314,0,1,0,48,15,0,1,4613976259238617556
578,5260,2785,0,1,97,23,16,0,1,-3150503399399692183
33,2900,1100,1,0,1,143,12,0,1,6833845167661646039
39,61147,932,1,0,6,140,13,0,1,-2794789968212124518
4,65,38,1,0,0,100,11,0,1,2540399426308463501
164,1615,1133,1,0,14,53,6,0,1,-1148879753461017529
233,20229,1291,0,1,262,56,8,0,1,-7145684676041108811
63,598,817,1,1,1,150,9,0,1,3733094485859219674
16,553,602,1,0,0,139,8,2,1,8542305472054146616
1,63,681,1,0,1,141,16,0,1,-1680221375317002038
539,10152,5890,1,1,7,52,13,2,1,7869879436193453328
906,5383,5227,0,1,143,83,15,0,1,4219712990246215335
119,6425,1312,1,1,4,150,15,0,1,2327095379591890000
500,11404,6681,1,1,165,119,17,0,1,-5232974856736391772
166,2561,1569,1,1,95,121,16,0,1,-2671136321575701852
132,203175,796,1,0,3,146,18,0,1,2103474075811295660
253,10958,4048,1,1,204,144,8,0,1,7498480709906768078
1000,17006,7220,1,0,1074,148,30,0,1,8363178435000273448
315,19405,1532,0,0,166,69,19,0,1,2631375809641230001
3,336,4885,1,0,0,102,16,0,1,-1886971712551865708
219,2412,2448,1,1,2,92,14,0,1,164431553608277452
479,4779,2353,1,1,146,81,11,0,1,-6195449073561459801
265,2252,1540,0,1,0,150,14,0,1,-587558118821631747
327,5282,5407,1,1,26,143,11,0,1,-4344993697101422327
423,3808,3102,1,0,180,119,27,0,1,1943099324479218083
49,5294,1131,1,0,12,28,14,0,1,-5069878890082782926
676,12869,4454,0,1,119,141,17,4,1,2133784020410332787
108,3560,3290,1,1,7,80,14,0,1,6577903751343591423
476,4981,1972,1,1,37,132,20,0,1,8250339043913172350
862,25479,2665,1,1,465,149,9,0,1,-1314379656645336393
188,14285,1740,1,0,6,141,9,0,1,-2008166211871288923
18,2584,1353,0,0,1,77,16,0,1,6056809277929768764
39,1972,138,0,1,1,20,10,0,1,3254417311592886970
612,58094,7316,1,1,160,102,15,0,1,-8962699927412597049
5,855,1226,1,0,3,58,14,0,1,-8289171059519054535
9,85,0,0,1,1,77,18,0,1,206887675979473972
343,6345,3282,1,1,70,118,18,0,1,-4162967094343649365
121,1563,2120,1,0,3,6,7,0,1,-4081042081522710522
1000,19434,4650,1,1,67,148,6,2,1,4203133191829468018
584,5774,394,1,0,45,113,12,0,1,579772608330251045
36,904,657,0,1,3,59,19,0,1,-4028539029870711646
722,3017,2591,1,0,24,144,13,0,1,-3804691150148963770
16,609,285,0,0,0,0,19,0,1,-5050493269692053659
813,8357,6084,1,1,267,0,19,0,1,8185439354446155450
563,1092,1415,1,1,56,145,13,0,1,2231801452253329690
1000,8962,1620,1,1,65,148,12,0,1,6529557256169011157
102,2594,370,0,1,5,41,12,0,1,4309289967392776137
743,11177,1632,1,0,171,138,15,0,1,2723090894675799799
149,7361,1430,0,0,1,83,7,0,1,-592321977124250405
92,4758,1593,1,1,32,100,19,0,1,-7127509604612700362
292,2717,772,1,0,29,53,11,0,1,-1271696443023713661
54,1352,851,1,0,1,144,24,0,1,7443719931316441420
149,2949,1797,1,1,162,91,15,0,1,7158209574856046760
32,1798,974,1,0,104,132,8,0,1,-3924794023840938935
1000,12130,5974,0,1,729,22,11,0,1,-5773369156551719950
44,2538,2987,1,1,62,89,10,0,1,-4511453493360570853
170,1685,1653,1,1,433,37,20,0,1,-74994115514468050
52,1734,3986,1,1,0,97,16,0,1,-7451617954551249338
110,3129,1721,1,1,59,96,12,0,1,-8111682892466040891
24,519,574,1,0,3,26,9,0,1,3332778078479983058
340,24453,3157,0,1,9,125,21,0,1,6198148685267967062
97,4135,3506,1,0,107,140,13,0,1,-7481866290121002673
147,13419,1483,1,1,61,131,22,0,1,-1161024181068593047
326,9633,1559,1,1,14,0,6,0,1,-5665219631266595295
256,9810,6780,1,0,128,150,15,0,1,6070987355913356476
42,2710,756,0,0,0,125,13,0,1,-5465394118288287899
84,19207,2302,0,1,21,118,12,0,1,6704845488392049861
88,7639,3306,0,1,21,99,8,0,1,7088737851186170990
27,526,998,0,0,1,11,15,0,1,-5024861281550551118
1000,12684,2302,1,1,457,144,13,0,1,-2660262128658393458
228,14767,5529,0,0,263,149,19,0,1,-2226436884616378580
684,8637,7033,1,1,39,137,10,0,1,1377937843248363683
14,2882,1040,1,0,4,77,9,0,1,8370579704826523590
127,8641,5719,1,1,184,143,8,0,1,1214994216532796721
111,4562,376,1,0,69,106,11,2,1,707080738304999058
239,13428,5996,0,0,135,149,22,0,1,5550008501288367018
741,27842,6491,0,1,19,138,7,0,1,-3827451570541198917
18,8080,714,0,0,0,114,13,0,1,4595439201205727037
312,7653,4705,1,1,243,141,20,0,1,-5294480743884066521
598,15203,7101,1,1,50,22,11,0,1,-7946179437284431384
2,173,642,0,0,0,0,13,2,1,3263828902285165121
308,2037,641,1,1,15,131,7,3,1,-8703522414011531288
62,6886,4467,0,0,5,44,13,0,1,3725081260208475595
279,14952,6671,1,1,52,145,19,0,1,2488722192502002815
359,2663,4312,0,1,4,148,16,2,1,7488341200224808864
0,150,1395,0,0,1,68,24,2,1,5740354900026072187
10,1117,2,0,1,20,119,12,0,1,-584904636086884350
15,389,854,0,0,1,92,9,0,1,-187025689579916540
360,11981,4170,1,0,7,88,12,0,1,7714154225591648253
19,3457,1649,1,0,7,44,9,1,1,-3977588807722491461
502,5014,2571,1,1,164,147,13,0,1,9206145864652110474
88,8570,3054,1,1,65,134,11,0,1,-6692808878566457079
93,5924,1603,1,1,9,129,10,2,1,-8542799197253488654
95,6318,749,1,1,24,133,7,0,1,8545688879367040349
672,75557,7488,0,0,2978,98,14,0,1,3835906308780032142
199,3760,5858,0,1,4,66,20,0,1,7031317455127578234
0,2181,1726,1,0,1,0,8,4,1,5740354900026072187
12,1944,1070,1,1,0,149,11,0,1,-3549122200448851527
245,1785,1911,1,1,38,133,19,0,1,5695462454094159851
51,6141,5725,1,1,69,148,16,0,1,7745944292388121703
385,4771,874,1,1,10,121,9,0,1,-6267144196859242425
1000,2113,5564,0,1,531,146,13,0,1,-9116090380140226527
559,6442,1496,1,1,7,67,11,0,1,8991469962017111335
306,25827,2925,1,1,129,80,9,0,1,5419231421423326753
356,26160,2597,1,1,615,94,7,0,1,-3390015625623024466
1000,7229,7365,1,1,593,105,9,0,1,6249427653471712658
21,1367,1693,0,0,4,0,9,0,1,8009047171646106458
360,2093,2307,1,1,76,150,13,0,1,4917832180038257809
265,1630,1962,1,1,213,77,20,0,1,-4398933423870785273
1000,23758,7224,1,1,737,139,13,0,1,-776326203774481844
115,7694,5895,1,1,10,100,13,2,1,517999922471456603
499,5538,3397,1,1,209,116,11,0,1,-9049662653170117764
3,768,882,1,0,5,59,7,0,1,3877172383375716518
40,1420,1402,1,0,125,133,9,0,1,-3707717204434342387
522,16681,3603,1,0,66,142,20,0,1,4807381183701248063
573,4758,3395,0,1,127,149,11,0,1,9079456555195155949
748,5553,7059,1,1,70,31,12,0,1,6253757308523792173
621,10736,1826,1,1,68,150,14,0,1,7919615923170186718
672,46510,6109,1,1,8963,132,17,0,1,7894705538381905837
749,891,2813,1,1,56,137,12,0,1,4906055636031345110
77,1536,2703,1,1,45,150,13,0,1,-4720212069114690670
695,17305,3535,1,1,89,141,17,0,1,-6801739533038670116
121,1917,707,1,0,45,44,13,0,1,-4782602522972767018
237,13406,6842,1,1,8,92,13,0,1,7433503447796426448
299,654,1144,1,1,4,148,13,0,1,-2933491985063844132
858,22830,2049,0,1,58,144,10,0,1,7239350174000221749
444,2698,2359,1,1,26,113,14,0,1,5101003645571526078
186,819,3168,1,1,8,92,15,0,1,1725106276605533835
1000,21624,4293,1,1,119,103,13,0,1,6338247650598281933
335,17440,1469,1,1,760,87,16,0,1,2270570857938033918
40,860,1702,0,0,3,131,12,0,1,-5248618567359863705
688,22800,7500,1,1,42,79,12,0,1,-6986063986485683149
404,1834,4639,1,1,285,147,24,0,1,-3528381692620489705
112,1007,1812,1,1,18,140,21,0,1,3293661869433705893
1000,7864,5253,1,1,249,75,11,0,1,7965203085242561632
1000,14989,7218,1,1,197,124,14,0,1,543559813028632841
87,580,2048,1,0,5,141,14,0,1,-6004648215416175625
90,2792,3322,1,0,2,76,14,0,1,3521871444109309818
48,2131,4278,1,1,73,116,9,1,1,-657349487644979523
6,206,42,1,1,2,21,8,0,1,-6633220641931896777
15,1772,963,0,0,22,127,8,0,1,-1603990148568255685
430,9403,7417,1,1,232,123,9,0,1,8586899403314276673
0,454,4093,0,0,0,145,8,0,1,5740354900026072187
9,1632,2795,1,0,1,68,13,0,1,-8535036309267546427
111,3855,6891,0,1,2,116,13,0,1,5058747551194957057
158,397,245,1,1,0,107,12,0,1,-7497107377607230439
80,15157,458,1,0,4,0,15,0,1,2935286920196381141
1000,23087,1745,1,1,449,141,6,2,1,-5951656716457499795
1000,1111,1869,1,1,17,123,15,2,1,-2876323531875373872
84,4271,221,1,0,121,79,11,0,1,1852895063961673423
11,927,5067,0,1,0,129,27,0,1,2287567628683343418
149,7413,1986,0,0,534,84,7,0,1,-9184805832274453679
34,4454,508,0,1,40,150,12,0,1,8288945120676194155
201,4315,3595,1,1,5,141,12,0,1,-7190504070224608347
60,3434,2019,1,0,11,120,20,0,1,-7096849028722073168
40,4149,1838,1,0,17,144,13,0,1,-287173964349581665
46,2407,874,1,0,5,6,12,0,1,3826794614407292030
54,6676,1340,1,0,104,77,14,0,1,-7912290108911455205
127,4033,962,1,0,32,47,12,0,1,2918527324328739594
12,14974,4948,1,1,0,78,22,0,1,-2907396553498823807
261,1647,3701,1,1,19,92,22,0,1,-1615107250515235584
450,12263,4674,0,1,2810,133,18,0,1,5080262653646272360
5,1510,237,1,0,1,21,10,1,1,5809279564515367286
486,2713,2687,1,1,41,48,18,2,1,8648303665031582278
645,895,526,1,1,48,122,14,0,1,6401044255501243360
603,3148,696,1,0,15,114,19,0,1,-1119574038420742332
16,23389,1453,1,1,3,113,9,0,1,2785647265976483571
258,4485,2844,0,1,0,37,18,0,1,-6344687597078229913
244,2653,2473,1,1,14,149,13,0,1,327083225035285972
432,54497,2729,0,1,150,111,14,0,1,1807064566260377104
0,64,1329,0,0,0,77,19,2,1,5740354900026072187
14,816,2478,0,0,0,44,11,0,1,-6543697113788005215
146,1193,3419,1,1,7,148,12,0,1,1855133912437888924
171,1300,2927,1,1,6,143,19,0,1,4367242188496737228
36,1496,1043,1,0,13,47,8,0,1,-6375439220664059147
265,5815,3225,1,1,97,106,19,0,1,-8105979677223703008
909,5380,5326,0,1,143,83,15,0,1,8505532260426198316
72,1914,2391,1,1,71,94,18,0,1,2033250693790244444
121,2070,2106,0,0,0,18,27,0,1,-8908091616607386622
1000,16231,2772,1,1,424,126,9,0,1,8661969889278293543
1000,7101,4088,1,1,33,114,13,0,1,1052687142454434761
237,1478,2071,1,1,22,144,13,2,1,2624965870891089470
712,13466,5277,1,0,56,116,14,0,1,-6893101257186309679
122,576,552,0,1,0,150,11,0,1,-1834730575764685975
219,6054,1461,0,1,22,144,13,0,1,-6741223058551577606
166,5874,1897,1,0,8,0,10,0,1,-2821284839986967408
180,69678,3400,1,1,0,93,11,0,1,3545594725759525025
8,458,302,0,0,0,86,15,0,1,5452947857806153763
912,23013,1990,1,1,277,119,13,0,1,-4026585399738252649
7,272,329,1,0,0,11,7,0,1,9016694266995936907
92,897,2347,0,1,4,104,21,0,1,-3493158703262541015
0,39,750,0,1,0,0,11,0,1,5740354900026072187
721,2892,1183,1,1,20,105,15,0,1,-6335878219316570521
579,3564,1972,1,0,111,50,12,0,1,-7269065277244442910
369,5026,3488,1,1,82,130,11,0,1,-6749080357734649877
31,3155,3552,0,1,4,0,6,1,1,-7850256474915518366
31,2402,2680,1,1,20,123,13,2,1,-2558978442159780404
1000,5340,3198,1,0,477,139,8,0,1,2908894097125040379
79,19651,3067,1,1,798,81,16,0,1,-8427591187964930359
52,3271,3121,1,0,41,40,15,0,1,-5260193195724063459
208,646,1060,1,0,16,98,10,2,1,-1344629825463827126
3,2217,17,0,1,0,68,13,1,1,3019122193117880841
659,5796,6866,0,1,134,140,12,0,1,-7670692650558807561
34,2978,4607,1,1,8,127,12,0,1,8685429989056242958
53,721,736,0,0,28,135,13,0,1,8542353266285957897
99,6766,3197,1,1,67,114,8,0,1,-7207839163724132614
35,7208,1077,1,0,35,48,12,0,1,4126055872121054402
10,4222,694,0,0,6,78,13,0,1,3204489462760196534
1000,40004,5237,1,1,196,149,13,0,1,653238757902981663
1000,1815,510,0,0,50,5,12,0,1,6362968826553237755
65,1014,7129,1,1,6,140,10,0,1,-1217204632243849291
134,2455,4840,0,0,1,54,13,0,1,751475588813433823
143,3246,4323,0,0,6,81,17,0,1,1165100120187067746
17,1739,1600,0,0,1,86,13,0,1,-6510202702620322069
143,9966,2666,0,1,151,150,16,0,1,-3087532248676901452
13,1458,5712,0,0,0,150,15,0,1,5994580278292286799
46,9266,2124,0,1,5,13,9,0,1,2210706656556596260
489,2728,6772,1,1,12,136,19,3,1,3845526502565932966
61,12860,3770,1,0,26,68,11,0,1,-2462348420759321449
698,3072,2595,0,1,104,64,11,0,1,8918330298097211214
6,2400,788,0,1,0,116,17,3,1,-1572233829267295583
132,1040,1213,1,0,14,124,15,0,1,4070907952388106427
41,678,1079,0,0,3,136,16,0,1,-827141025240941547
1000,24871,958,0,1,5,42,16,0,1,2820539275600354419
14,690,884,0,1,1,130,14,0,1,-4476687080873208947
645,9696,327,1,1,102,73,19,0,1,-7602575212949313495
18,15577,1713,1,1,479,135,10,0,1,1824958993060677070
132,15114,327,1,1,11,75,13,0,1,5730154971816919373
31,2649,1317,1,0,11,101,14,0,1,-2335083461676327907
23,190,251,0,1,2,0,10,0,1,3981230461873289292
108,32460,7470,1,1,57,140,16,0,1,2619979450539555300
1,1420,358,1,0,117,27,8,0,1,6553072370320858149
165,461,346,1,1,3,99,12,2,1,5717012503736757981
223,7189,1283,1,1,140,70,12,0,1,-3136326439981635511
423,1337,6380,1,0,4,148,19,4,1,2833415637097261080
9,345,949,1,1,0,130,9,0,1,5323211117839929562
535,947,800,1,1,225,147,7,0,1,-501742562569849257
152,2483,2501,1,0,6,112,13,0,1,-6005130098799961617
121,8427,1360,1,0,23,64,9,0,1,-4723926758755343790
88,3476,1756,1,1,45,123,12,0,1,-4819305962557054216
236,2286,1406,1,0,6,88,11,0,1,-4550458063007911852
36,11090,1594,1,1,25,132,13,0,1,-1748443552417061339
5,69,155,1,0,0,141,17,0,1,-2585948084082483839
119,10228,7108,0,0,98,17,14,0,1,295813301096915830
682,1282,1000,1,1,248,63,12,0,1,1410439268149599445
283,5865,1643,0,0,80,65,12,0,1,111037260186045910
1000,6201,5673,1,1,214,148,14,0,1,-5232496424172707624
500,1277,1544,1,0,22,147,16,0,1,1623619227546509683
385,6391,2373,1,1,86,65,19,0,1,-7611740365930945028
75,3825,1220,0,0,5,26,9,0,1,1949489131082555125
966,21248,4402,1,1,627,140,11,0,1,847828314380266071
206,9750,2188,1,1,57,120,10,0,1,-6478328830538277551
255,7517,5134,1,1,0,78,14,0,1,5484810280411170555
51,799,915,1,1,3,108,15,0,1,3359179947918856288
50,952,1028,0,1,5,104,16,0,1,6030029551831747267
24,1995,852,1,1,17,99,17,0,1,1530964501856552526
650,5553,3887,1,1,58,136,7,0,1,1773389966088209729
1000,23744,7363,1,1,742,139,13,0,1,7806106540319524915
928,4510,842,1,1,238,138,13,0,1,-3496781179451346899
37,4546,3209,0,1,60,10,17,0,1,95212069441274740
775,4426,1692,1,1,51,97,13,0,1,6616702387850187584
48,7603,2179,1,0,73,92,9,0,1,4564081128704095976
46,38034,770,1,1,1,141,11,0,1,-5830502075404268835
10,220,1058,0,1,0,142,14,0,1,-77651501495047156
342,24458,3212,0,1,9,125,21,0,1,8348650329895474399
1000,7953,3656,1,0,174,149,14,4,1,-8585679834728491621
545,17897,7132,1,1,143,27,22,0,1,-1420443259837759568
559,5535,4220,1,0,24,43,10,0,1,3563465647352152834
26,857,2271,0,0,4,132,17,0,1,-1744691784693029942
4,122,225,1,1,1,149,15,0,1,5201261238491143486
36,1676,4720,1,1,0,72,11,0,1,-960468515665636617
150,3712,3541,0,0,13,22,8,0,1,5745357575885918383
322,4543,3525,0,1,492,136,10,4,1,332693022632174447
168,12733,1857,1,1,75,76,9,0,1,-7689531325154174803
560,15612,2428,1,1,665,142,14,0,1,-4912318348682545418
340,676,1238,1,1,117,91,10,0,1,-6543885701181656683
1000,6529,3310,1,1,370,94,12,0,1,172500162322586090
280,5285,6927,1,1,66,114,15,0,1,3087315338454739962
194,5766,7441,0,1,14,98,16,0,1,-8027900047982786648
333,7187,2890,0,0,64,114,16,0,1,4879621590059480532
142,2968,862,0,1,103,32,11,0,1,-3612952818306432943
477,6552,1094,0,1,69,137,8,0,1,4965846963030603902
540,3552,1156,1,1,42,145,7,0,1,-5347250076381940604
529,1795,1293,0,0,0,137,10,2,1,-7481470898991056271
9,7301,3818,1,1,13,77,10,0,1,-2065297308900169767
101,26744,1111,1,1,272,86,13,0,1,-4925065972566893926
1000,14068,1988,1,1,114,143,15,0,1,-8100932968571376304
1000,9867,5408,1,1,296,150,9,0,1,1655897578221281320
63,736,1065,1,1,78,141,16,0,1,3305264816728069187
868,9406,4630,1,1,551,149,10,0,1,7924876366109650334
12,122,963,0,0,0,108,15,0,1,-5266012132369059180
269,22607,3780,0,0,88,146,11,0,1,-6101093021255560600
44,3098,6059,1,0,0,125,12,2,1,6546747707712628684
1000,26816,2952,1,0,16,0,15,0,1,-7958651765581697579
468,7437,3297,1,1,157,150,8,0,1,-7061911698110100007
108,3326,1332,1,0,0,143,9,0,1,-8537988199586015646
5,500,4303,0,0,1,0,12,0,1,-4324444146428447228
65,1619,7200,0,0,4,144,13,0,1,5128343238822363341
50,5116,5963,1,0,41,108,16,1,1,4264822291533900730
30,667,4950,0,0,1,0,8,0,1,-6235418746146912625
68,11204,5258,1,0,11,87,14,0,1,6732551161741915899
6,817,1828,0,1,0,74,15,0,1,-984406807557443350
452,10282,3626,1,1,108,133,16,0,1,-5135087670060864993
13,431,1666,0,1,1,123,18,0,1,-3896519760990927551
186,14785,6250,0,1,95,39,11,0,1,109799639926057840
11,1085,667,1,0,4,2,9,0,1,3955639239589068881
8,434,809,0,0,0,149,28,0,1,8304987804938275233
379,7490,4852,0,1,3716,143,22,0,1,-7432723261317418930
0,41,9,0,0,0,3,8,2,1,5740354900026072187
423,9213,7242,1,1,231,123,9,0,1,5585461505918220615
54,3244,3975,0,1,63,0,16,0,1,-8679472725426708040
74,562,788,0,1,1,113,15,0,1,-4333416348270758620
790,8321,7495,1,1,418,146,13,0,1,-3608556091961809268
110,987,3438,1,0,6,141,8,0,1,1860219068511753606
119,1306,5072,1,0,2,72,14,0,1,1348704793292890274
451,10009,2624,1,1,108,114,16,0,1,7305205363797812700
55,3278,2714,0,0,99,0,9,3,1,-4487611771257194118
11,674,7487,0,1,0,0,9,2,1,3805130506260620896
186,1174,586,0,1,7,148,7,4,1,-8273280611598333759
732,19814,2545,1,1,289,112,12,0,1,7935113961411171
191,3170,3402,0,0,1,43,17,0,1,1157477017995375094
105,987,632,0,1,3,14,13,0,1,2512048773170247054
915,11010,6559,1,1,79,118,15,0,1,4523767685506095152
58,1287,2716,1,1,1,134,23,0,1,4560068338707572305
539,10128,5201,1,1,572,113,8,0,1,6217269981247314291
100,9932,14,0,1,3,91,9,0,1,-3891412131702452562
433,1572,2064,1,0,5,14,14,0,1,-1414348867587227693
222,5404,4874,1,0,6,145,22,0,1,-7550303796136878185
305,2157,2969,0,1,10,39,15,0,1,-8694056386068406346
1000,1342,1177,1,1,206,94,11,0,1,-4734388891937431472
93,956,1126,1,1,7,142,19,0,1,6663109027041593580
40,1058,469,1,0,50,26,15,0,1,-8869538411977048058
151,2112,963,1,0,174,17,9,1,1,4989697260005289116
10,1010,459,0,1,1,0,8,3,1,4743140823805196256
4,872,1914,1,0,0,12,13,4,1,3200468677606740669
12,1369,498,1,1,7,30,10,0,1,356493517193300762
534,29355,5224,0,1,1003,90,12,0,1,-8853731677290086192
303,886,1105,1,0,15,92,10,2,1,-3956742187194868053
23,1578,938,1,1,33,81,14,0,1,7930963481835541480
22,979,623,0,1,4,130,10,0,1,-6137595631225010756
38,2649,5571,0,1,3,132,15,0,1,1278164069836380069
8,162,719,0,0,0,135,18,1,1,8730810679764729457
12,3518,6465,1,0,6,64,10,0,1,4147371894773817342
2,174,556,0,0,1,0,16,2,1,3505759679402448878
27,1172,580,1,1,26,143,9,0,1,-1448110927602756238
16,85,496,1,0,0,122,11,2,1,-6310031379620031561
15,2183,1810,0,0,38,14,9,0,1,-1046336675848768257
4,304,799,0,0,0,61,12,0,1,-5172088084723140531
163,1067,2515,1,0,6,71,14,0,1,8162393784667220578
820,944,1171,1,0,47,65,11,0,1,-4840108445978130624
44,913,2051,0,0,4,40,9,0,1,-2003770298313081294
1000,4584,2357,1,1,436,76,8,0,1,3755508139436675813
133,5711,626,1,1,80,106,10,0,1,1177587161061374302
49,1380,1282,0,0,278,149,10,0,1,-3062625630417204587
532,934,1121,1,0,31,6,9,0,1,-8715205523765964709
111,5974,1085,1,1,16,20,11,0,1,4366482345053071463
0,617,1739,0,1,2,78,18,0,1,5740354900026072187
84,558,1688,1,1,1,147,18,2,1,72954130829015029
212,2423,1374,1,0,53,144,11,2,1,8425026316964165161
27,2130,948,1,1,152,20,8,0,1,-3894012052465409437
16,2510,7491,0,0,1,84,9,0,1,5940415088954049148
295,3772,1083,1,1,330,128,15,0,1,4951646662042676456
258,3849,3258,1,1,27,131,21,0,1,-2631081352374957858
11,1322,561,1,0,32,9,7,0,1,2967921460096545987
15,3280,5991,1,0,24,54,14,0,1,1925862921791839267
15,4598,2434,1,0,116,81,11,0,1,7458311762058495516
39,196,553,0,0,0,149,11,0,1,2394690005564303471
261,1566,1100,1,0,144,129,12,0,1,-4742454035435690838
37,1413,1859,1,1,36,128,11,0,1,6823447099726654738
19,1125,1978,1,0,28,75,12,0,1,3025559586807661191
6,4096,3345,0,0,4,4,9,0,1,6644380473462260222
37,392,560,0,0,2,0,7,0,1,902918517533933501
12,9118,2140,1,1,77,136,9,0,1,9026185923481294002
30,661,844,1,0,26,51,13,0,1,8559074871314420179
11,1054,2272,0,0,5,18,7,0,1,-6891391843853593827
31,171,321,0,0,0,150,11,0,1,-8827767159449882569
61,493,634,1,1,7,88,8,0,1,6518083805566739866
107,3184,4438,0,0,20,52,5,1,1,8832522832715963864
36,1406,1582,1,0,30,31,9,0,1,5136930643649161065
1000,21455,6800,1,1,37,144,17,0,1,-5469700204903898142
10,1425,398,1,1,3,143,12,0,1,3814672803518674099
1,1771,2381,0,0,71,25,6,2,1,-1590375575354128931
501,11593,5270,0,0,50,138,18,0,1,7145166850365054457
84,14787,7500,1,0,47,124,12,0,1,-86163433266326860
190,1235,219,0,1,10,148,7,4,1,3842076103946718772
202,2387,711,0,0,29,150,13,2,1,-5299968515755997355
12,555,1576,1,0,0,150,10,0,1,-4033253014668031212
51,40002,2528,1,0,231,102,9,0,1,-3554364881685937404
102,4107,690,1,1,16,148,12,1,1,-4200200225327689807
70,14694,1839,1,1,50,50,13,0,1,5321509990978439625
140,353,453,1,1,45,61,11,0,1,-7300578543762297086
239,1736,3623,1,0,3,139,16,0,1,-4184600289288334107
419,6488,1127,1,0,104,130,16,0,1,-2202306269659333217
148,6204,6838,1,1,6,143,22,0,1,-3125960499364020982
87,9569,1344,1,1,16,145,13,0,1,5031777027604772295
41,4015,4868,0,0,20,44,18,3,1,6367135583883799297
51,2918,2073,0,0,14,123,18,0,1,-6185069841127113529
77,1463,2802,1,1,44,150,13,0,1,6743359364629891950
4,6634,6110,0,0,9,73,13,3,1,-91035143300045175
1,7658,2372,1,0,0,15,8,0,1,2137257454858529048
216,5605,750,1,0,117,54,8,0,1,-6043351808840676642
300,222300,3642,1,1,362,99,10,0,1,-8228745917199851693
244,10739,5741,1,1,580,145,14,0,1,-4597160361794040883
27,876,563,0,1,7,139,25,0,1,-1243751545773973539
37,33000,4184,1,1,24,102,9,0,1,-4203037893779968237
36,105237,1258,1,1,50,108,16,0,1,7695871983137577872
114,546,906,1,0,20,146,10,1,1,8250297492402768170
672,98316,852,1,1,6090,118,22,0,1,435520276652567319
125,3646,3181,1,0,8,119,11,0,1,5259160406438035417
18,1903,5966,1,1,7,148,9,0,1,-8590441241103406816
260,9308,4629,1,1,47,127,17,0,1,2804906095143303228
648,668,656,0,0,26,40,11,0,1,3256399049557975580
33,532,345,1,0,1,135,8,0,1,-5944901205780119808
941,2098,1056,1,1,13,146,14,0,1,-8583738100084382738
26,5277,404,1,1,194,64,9,0,1,8249198683388854433
239,1517,1289,0,1,27,135,26,0,1,-2147269091368928522
68,4352,977,0,1,22,86,12,0,1,1180506248038646739
239,4446,5789,1,1,28,135,14,0,1,-262804578657592634
1000,6061,2223,1,0,114,132,18,0,1,-3128890315904407221
81,4347,1761,1,1,89,75,17,0,1,1622870377382745533
65,4825,1918,1,1,94,94,9,0,1,8151136895225760459
103,131,82,1,0,0,148,13,0,1,-6014024739566606037
1000,4364,7502,1,1,399,106,14,0,1,-4925471575299664424
765,32402,1315,1,1,282,146,10,0,1,-270243744874323565
53,3247,555,1,0,51,89,13,0,1,-1851403140660996053
796,5600,3701,1,1,113,150,7,1,1,6729955349388688991
46,2871,2469,0,0,4,144,7,0,1,2590172785298017185
413,1594,2587,1,1,18,119,13,0,1,6704819741451284622
674,9430,4584,1,1,83,138,9,0,1,2551364846776207795
430,37123,3063,1,0,637,143,15,0,1,-807593456238933698
926,9080,2708,1,1,1009,148,10,0,1,4899461357110181345
1000,7145,2734,1,0,162,103,10,2,1,-1375827537547836339
150,5140,2891,0,1,21,127,9,0,1,7586172671929147233
23,845,696,0,1,3,150,18,0,1,4160052503294710939
263,1647,2278,0,1,0,58,20,4,1,9086334189894546918
48,2349,1641,0,1,16,48,11,0,1,6910417039304460856
36,11802,3934,1,1,13,147,5,2,1,-1945430165801553008
325,23822,3035,0,0,4,60,10,0,1,3682698966569365707
2,774,2858,0,0,1,75,17,0,1,-3773209134785345786
63,1109,95,1,0,11,93,12,0,1,2361234899599841308
3,467,1394,0,0,0,0,21,1,1,5289628361598184807
213,20831,3656,1,1,219,144,13,0,1,-6241183484599370752
178,1202,1605,0,1,0,55,7,0,1,-3547355249033841400
158,83,502,1,0,0,108,11,0,1,3379668366027468675
8,404,1700,0,0,0,116,12,0,1,-5682659522618274143
472,9676,2948,1,1,1393,117,20,0,1,-1536860128948165714
112,4454,4047,0,0,9,19,12,0,1,6108278789930732617
215,769,1167,1,1,4,121,14,0,1,4836660877738726814
155,2500,4632,1,1,253,144,16,0,1,-1269265807492493749
666,6621,3807,1,1,184,141,17,0,1,1006090301695551999
93,9694,1824,0,0,0,0,18,1,1,3968930558566408740
364,4312,2407,0,0,0,127,24,0,1,-4444322080122685391
20,10558,547,1,0,0,56,9,1,1,-3493058025179973118
61,2660,185,1,0,68,139,14,0,1,-496637789732579361
16,23571,1282,1,1,3,113,9,0,1,-5828329515935307516
19,2150,3473,1,0,1,146,7,0,1,-6817900933045651844
222,5668,3295,0,0,72,66,14,0,1,3867316726870890645
665,2823,3983,0,1,104,64,11,0,1,-4664383764045306754
178,19830,7263,1,0,21,61,10,0,1,-2202875821912424543
96,234,28,1,1,0,132,19,0,1,9030766125543707599
17,1281,262,0,0,44,78,17,0,1,-390315652837858088
147,4655,3465,1,1,25,150,13,1,1,-926252878425296754
26,473,4900,0,1,0,36,28,0,1,-4467333719538667988
19,1796,688,0,0,0,41,11,3,1,-6460355240860477811
22,3750,959,0,1,0,56,19,0,1,5654176260661294770
443,4358,6211,0,1,9,150,9,4,1,7366002114448701438
1000,15773,7500,0,1,83,145,8,0,1,3795649900664987868
511,3676,2222,1,1,35,148,18,0,1,-3453659300532416529
126,2517,6741,1,0,1,140,10,0,1,4283125659988723742
1000,26713,2176,1,0,15,0,15,0,1,3896960338087252487
7,6756,4524,1,1,2,141,12,2,1,-75182102335834499
8,745,1156,1,1,0,144,17,0,1,8209550401762853214
378,1488,1676,1,1,0,120,9,0,1,5737683612164871759
60,73529,2661,1,0,55,109,15,0,1,1981491643139560477
9,396,1567,0,0,0,0,11,0,1,5214253115046423092
475,11600,7159,1,1,224,61,8,0,1,5301086909236005752
1000,25848,5844,1,1,942,144,15,0,1,-7984186891159692979
2,1437,2541,0,0,1,79,14,1,1,4055368430742238268
2,1390,404,0,0,0,119,8,2,1,-5616474162765682260
1,1011,1399,0,0,0,93,14,2,1,-941534791673522067
152,2398,1413,0,0,219,95,17,0,1,381914672021858388
28,13724,4919,0,0,3,0,7,0,1,-7279644111069989206
687,6789,1253,1,0,119,148,12,0,1,3453819067635007245
579,22319,6499,1,0,135,23,8,0,1,8440647694907367307
9,10950,5933,0,0,11,29,9,0,1,-7388693192087065545
28,5433,3187,0,1,8,127,8,0,1,2178663165035875260
36,614,210,0,0,13,64,6,0,1,-7633224406507946246
15,25558,3716,1,1,3,146,7,3,1,-8583082565462412548
458,4003,1364,0,1,0,112,11,0,1,-5112456030292235054
38,1382,5606,1,1,12,122,10,0,1,-9099387457056293630
1000,26019,5039,1,1,12,145,9,0,1,466717584557434932
2,105,51,1,0,0,150,13,0,1,-2071489434756234768
10,83157,4198,1,1,9,106,8,0,1,5810312754678473776
145,3940,1524,1,1,47,125,8,0,1,-5827316148997548597
49,4987,7279,1,0,50,61,18,0,1,-5995311999901638666
1000,5140,1005,0,1,4,103,11,1,1,-4854874540260187171
173,1002,6415,1,1,5,83,11,0,1,748956800504648130
883,10147,2546,1,1,44,85,9,0,1,5000911147864894609
138,895,680,0,1,81,36,8,0,0,6860730655130050338
211,580,397,0,1,18,36,11,0,0,2073248047751962116
300,722,700,1,0,251,0,12,0,0,-3620636699768125695
139,721,561,0,1,7,0,9,0,0,2462895019658214920
35,529,382,1,0,0,66,18,0,0,-7012122853770264255
331,1705,1598,1,0,45,39,11,0,0,8093265544505081497
38,299,156,1,0,1,33,7,0,0,5736044152770059258
769,3203,470,1,0,283,63,5,0,0,2248461395915936914
349,502,744,0,0,15,0,16,3,0,2381504002082478766
85,464,598,1,0,24,81,9,0,0,7782058407220553707
46,1017,784,1,1,35,0,14,0,0,6478356877898824829
815,1511,1238,1,0,179,150,11,0,0,1948609525625337828
52,701,826,0,1,11,87,10,0,0,-771113894283197493
2,298,314,0,0,1,26,14,0,0,8159826812390989797
7,372,434,0,0,2,87,16,0,0,8984296733097980224
0,339,335,0,0,0,0,5,1,0,5740354900026072187
7,355,344,0,0,2,21,13,0,0,9148047518744679313
0,151,172,0,0,0,0,8,0,0,5740354900026072187
9,630,695,1,0,5,8,12,0,0,4752979844764550653
16,555,686,0,0,11,37,12,0,0,-7748144716207369708
2,294,297,0,0,13,11,11,0,0,8124909894033116799
39,367,523,0,0,7,76,11,0,0,-9043344661274809836
2,324,354,0,0,14,0,8,0,0,6590157213385265068
20,686,675,1,0,8,20,7,0,0,-5842459601359105386
46,330,556,1,0,26,44,14,2,0,7983352744817233410
25,350,400,1,0,12,4,12,0,0,-930554941487644197
186,993,836,0,1,92,89,10,0,0,-2138182430455294998
15,201,198,0,0,31,10,9,0,0,8813206776803678740
52,820,817,0,0,20,66,15,1,0,-4258273344983758225
10,287,228,0,0,13,59,16,0,0,-5324582236812674534
25,500,631,0,0,50,0,11,0,0,6537511143628647383
29,779,624,1,0,38,2,13,0,0,-3327429798115522696
77,546,521,0,0,69,34,14,0,0,7398064572079953808
36,507,529,0,0,36,57,12,0,0,3567684218778146191
21,512,546,1,0,29,83,7,0,0,9024612758384348674
54,419,413,0,0,14,32,9,0,0,3249572814420034268
76,514,405,0,0,11,73,13,0,0,-7869512971798589665
13,172,261,1,0,7,80,8,0,0,6543059853303344407
11,242,241,0,0,34,4,11,0,0,2712316549998146758
34,249,251,0,0,13,13,11,0,0,373321237079179254
84,553,728,1,0,25,0,9,0,0,8080546410939347580
3,258,391,0,0,40,0,7,0,0,6396500247998474394
25,344,472,0,0,26,0,10,0,0,-6472596783899444965
113,519,484,0,0,107,45,9,0,0,-6969831469576656664
123,622,546,0,0,67,16,13,0,0,-3810638280483670505
194,957,761,1,0,113,111,20,0,0,4846770402273328072
36,336,538,0,0,21,0,15,0,0,271231662667771791
43,390,384,0,0,17,22,9,0,0,5564583541087961253
68,245,287,0,0,28,35,14,0,0,-929113707763375262
1,325,396,0,0,6,0,12,0,0,-3355144391342632206
82,817,628,0,0,20,6,7,0,0,-5100111693611636345
12,297,319,0,0,45,22,7,0,0,621988358230693191
57,523,419,0,0,21,13,12,0,0,-6344344792474409334
8,335,353,0,0,32,28,9,0,0,-78927543441823427
153,498,1192,0,0,39,13,13,0,0,-2179145113439494534
5,240,279,1,0,2,4,9,0,0,7866286512224206104
14,288,322,1,0,21,21,9,0,0,7470480334804841248
16,210,264,0,0,39,6,11,0,0,-1884509812801224207
12,267,238,0,0,4,14,11,0,0,8801154457635014334
21,248,216,0,0,31,15,10,0,0,-1131953469941247775
69,616,604,1,0,19,8,12,0,0,3890532728716304450
28,430,439,1,0,6,10,14,0,0,3725072159701323551
23,273,217,1,0,2,40,7,0,0,-675733481615447430
19,240,314,0,1,2,40,16,0,0,352596030480339773
26,201,372,0,0,10,27,14,0,0,-8184575055880616551
491,763,941,0,0,63,53,9,0,0,-8426811781280262425
8,333,330,0,0,58,0,11,0,0,-5917593621178607273
1,362,423,0,0,10,0,15,0,0,-4352006295203659447
9,199,316,0,0,19,0,10,0,0,8696246577701499471
46,408,393,0,1,61,44,14,0,0,-4214158076493586501
135,174,100,0,0,0,19,8,0,0,-6675784225712723700
60,956,717,1,1,28,25,16,1,0,6789285437495303292
7,196,191,0,0,20,0,11,0,0,8999260421169337559
0,74,89,0,0,11,0,10,0,0,5740354900026072187
75,421,465,1,0,44,24,15,0,0,4204569809701707768
88,261,314,0,0,1,12,10,0,0,-7221556672623132758
16,469,473,0,0,41,8,12,0,0,2178590262468904136
67,390,432,0,0,57,7,12,0,0,-1734357337991879293
236,585,649,1,0,39,41,15,4,0,7530975124463834094
19,337,379,0,0,29,26,8,0,0,5624012281469620132
7,159,168,0,0,9,33,10,2,0,1858989423581660965
56,308,404,0,0,18,69,6,0,0,-6760831759283434129
126,493,385,0,0,29,74,15,0,0,7497838274406100346
26,375,388,0,0,25,10,10,0,0,-8164128293415217651
52,327,328,1,0,9,50,6,2,0,-2518644873759233691
7,592,521,0,0,2,26,11,0,0,-5440311631358778379
113,414,619,1,0,46,7,12,0,0,-6455221595082240748
34,595,871,0,0,29,8,9,0,0,111798456209539244
13,295,263,0,0,6,0,15,0,0,-6392130902927118800
44,280,396,1,0,39,0,10,0,0,4399601717455625233
23,287,273,1,0,0,96,13,0,0,-8398179054055107922
0,79,88,0,0,5,0,7,0,0,5740354900026072187
3,166,188,0,0,2,14,12,0,0,2518458489561357070
1,142,139,0,0,2,0,14,2,0,-4776012413281526607
17,261,529,1,0,5,43,8,0,0,6384898457877273276
40,741,395,0,0,0,0,9,0,0,1219309458439166263
3,148,285,0,0,2,25,15,0,0,1163196368021536802
40,289,1363,0,0,4,0,10,4,0,-7221266993553746083
0,221,223,1,0,0,0,6,0,0,5740354900026072187
3,134,152,1,0,2,12,11,0,0,-5823633786757405696
37,579,554,1,0,8,20,12,0,0,-3163345788853952182
2,441,549,0,0,7,0,17,4,0,-7517431926544623692
60,353,446,1,0,29,3,8,0,0,8719287011637727355
7,466,458,1,0,3,25,10,4,0,-4133768208828430855
0,222,248,0,0,1,0,10,0,0,5740354900026072187
120,392,185,0,0,0,0,11,0,0,-8201349357653165130
8,318,331,0,0,2,32,6,0,0,-7479236534531288253
1,247,243,0,0,0,29,10,0,0,4176399507727472058
11,235,436,0,0,2,0,11,2,0,4487261705611794382
0,107,112,0,0,2,0,18,0,0,5740354900026072187
137,430,478,0,0,80,4,11,0,0,5594702400877733878
0,49,125,0,0,0,0,11,0,0,5740354900026072187
1,150,186,0,0,2,84,11,0,0,-5041687132501488550
33,266,354,0,1,4,45,19,0,0,8758650833882841367
47,204,446,0,0,1,0,11,0,0,7518279622697754346
16,65,70,0,0,8,0,15,0,0,4060487297578473046
40,310,325,0,0,45,0,11,0,0,-4815753057575137714
32,326,448,1,0,30,34,12,0,0,-3212090498330123577
22,300,301,1,0,24,32,11,0,0,5786454665069375226
17,202,216,0,0,3,42,6,0,0,-3032960870420785635
18,669,612,1,0,2,37,11,0,0,2006533833595525386
22,230,276,0,0,0,75,11,0,0,1953067805514283813
12,203,215,0,0,1,0,13,0,0,4819439341821219124
7,245,280,0,0,5,0,9,0,0,6423530138108273762
6,110,136,0,0,4,19,10,4,0,6732487081587084009
50,526,678,0,0,83,8,9,0,0,-7879155117080910943
34,469,546,0,0,115,0,9,0,0,6118392513533825766
13,1186,300,1,0,8,10,10,0,0,2341056269854413212
57,386,732,1,0,28,27,15,0,0,6923415918777278304
0,170,195,0,0,1,0,7,0,0,5740354900026072187
42,401,350,0,0,1,14,11,0,0,7258600665699920485
7,327,326,0,0,14,0,9,0,0,-7343084949242988440
7,504,562,0,0,1,29,11,0,0,-121196840427842651
7,181,188,0,0,10,0,11,0,0,3205664451687155810
134,307,298,0,0,84,46,11,0,0,-8866603592117521690
252,17734,5928,1,1,54,126,10,0,0,6634439356988425544
63,556,713,0,0,90,0,9,0,0,-2516632968031512747
134,278,323,1,0,12,0,8,0,0,-684085195177381096
72,363,445,0,0,20,42,11,0,0,2576462924596810775
53,385,437,0,0,60,0,7,0,0,5768614209538671487
403,209,305,0,0,35,9,10,0,0,4491901888280873848
412,1064,1081,0,0,230,53,12,0,0,8109371958820254515
35,250,359,1,0,20,6,8,0,0,-312419240127995188
112,675,733,0,0,118,11,7,0,0,-2313648157611189491
21,458,455,1,0,21,41,12,0,0,-2058555730532374075
133,471,500,0,0,44,25,10,0,0,-4938148813504237738
182,718,738,1,0,28,35,13,0,0,9049405777300085685
32,134,310,0,0,6,0,6,0,0,5071334612705671717
23,356,458,1,0,13,1,7,0,0,-8431807449275475485
127,319,307,1,0,13,18,9,0,0,-5603118158240663196
89,549,601,0,0,45,34,9,0,0,816865163197041225
58,600,600,0,0,0,58,13,0,0,5098831033252629830
215,601,630,0,0,27,0,9,0,0,-3052476624306679148
129,1320,1297,1,0,71,138,14,0,0,545746192283253241
32,221,237,0,0,26,42,13,1,0,4061077753555537204
32,352,371,0,0,10,116,9,0,0,-6277707503965743908
28,133,233,0,0,31,98,15,0,0,9060288009394890892
24,343,372,0,0,5,0,10,0,0,-2365597957197007194
83,369,403,1,0,16,0,9,0,0,-2157462258276845770
36,467,413,1,0,22,35,16,0,0,-8240428158664124513
250,460,673,1,0,164,0,7,0,0,2485862159600814582
26,205,308,0,0,1,0,10,0,0,-8128926569150884700
23,331,408,0,0,63,30,12,0,0,9048561451804426636
61,376,639,0,0,12,19,7,0,0,-6168651467648927696
30,475,496,1,1,41,0,7,0,0,6231705413361776554
13,269,246,0,0,8,22,12,0,0,5617503298648430304
4,497,518,0,0,28,0,11,0,0,-3347149815116443037
7,417,544,0,0,6,34,8,0,0,6824362000364982809
110,336,335,1,0,32,41,7,0,0,5149505179015605498
4,243,257,0,0,30,22,9,0,0,-1432781174638271612
22,255,252,1,0,11,0,8,0,0,-5427408718733383044
47,314,430,0,0,49,33,9,0,0,1895901708004051061
24,363,389,0,0,8,20,7,0,0,-2324689563748534607
59,618,515,1,0,11,19,9,0,0,-6807927193912741356
34,322,368,0,0,52,21,15,0,0,-5585212856092396812
61,651,615,0,0,22,35,9,0,0,2475125678964712386
56,528,582,0,0,9,33,13,0,0,-7208199462106875209
4,341,352,0,0,0,0,10,0,0,8983342140266643707
178,546,618,1,0,29,139,11,0,0,996968497761235473
68,337,338,0,0,12,43,8,0,0,7275006423583740900
46,108,73,0,0,4,25,13,0,0,4680278550549803795
15,268,438,1,0,34,2,10,0,0,-8758027582824476052
171,511,546,0,0,36,88,7,0,0,-1396130823178896838
121,633,645,0,0,50,17,9,0,0,7757099262819858417
314,523,538,1,1,58,0,12,0,0,4344940360910122188
39,235,443,0,0,5,0,14,0,0,-2338313482651326989
18,534,475,1,0,5,22,15,0,0,6708989997486896027
25,186,272,0,0,12,18,11,0,0,-1009037215318909489
23,219,398,0,0,1,0,11,0,0,7661894408968351639
29,417,1035,0,0,15,22,10,0,0,-4807735889545515081
37,1208,550,1,0,0,149,13,0,0,7323884505815376108
47,314,383,0,0,31,82,10,0,0,-6979451444525836565
32,316,602,1,1,1,6,12,0,0,6375561889596159187
16,230,272,0,0,9,22,10,0,0,-8425859389992490496
61,331,389,0,0,51,0,12,0,0,5739410088011906324
44,357,489,0,0,54,0,11,0,0,-2575718788387565001
82,442,599,0,0,10,6,10,0,0,5357743079553093395
14,194,105,1,0,0,41,7,0,0,3333266186759335549
17,179,169,0,0,4,0,9,0,0,8309497666326484664
2,89,85,0,0,7,0,14,2,0,6062288945147043356
0,288,304,0,0,0,18,12,0,0,5740354900026072187
559,559,1007,1,0,52,7,7,0,0,-8218721623112220289
48,370,454,0,0,29,32,7,0,0,3409121838392820569
87,226,89,1,0,15,108,18,0,0,4782426251530810075
86,88,181,1,0,0,0,17,0,0,-4282840591810512066
22,396,343,0,0,44,6,10,0,0,-8624031649048366044
17,244,228,1,0,6,33,11,0,0,-2206324929154845382
17,223,300,1,0,24,14,13,0,0,917659684734005483
114,625,106,0,1,39,35,9,0,0,1595249240806986007
99,298,400,0,0,19,0,14,2,0,-2853150753306506297
138,259,110,1,1,3,0,8,0,0,6434667530432109254
15,462,745,1,0,2,10,10,0,0,-3180114824142460798
265,300,597,1,0,70,13,6,0,0,-365109799258028811
7,286,362,0,0,5,0,9,0,0,2243368432312844848
15,120,140,0,0,1,21,7,0,0,2211631485556338054
72,685,500,1,1,31,137,14,0,0,-2896125285787757752
2,439,578,0,0,81,0,8,0,0,-22249730463575107
40,554,510,1,0,37,16,14,0,0,6671935240269894005
69,419,822,0,0,24,54,13,0,0,-6957510727025351890
1,108,100,0,0,6,0,15,0,0,-5995120181613785506
99,275,367,0,0,22,0,14,0,0,7410275978505515666
46,315,399,1,0,15,57,11,0,0,-6831008456242126356
48,853,554,0,0,32,46,8,0,0,-4532608261083954566
72,159,369,0,0,8,9,13,0,0,8024723950971451437
240,629,648,0,1,83,0,11,0,0,-3037236270961992949
22,287,337,0,0,61,60,14,0,0,3588882228922751711
27,385,1558,0,0,8,90,14,0,0,-3940107651008992568
0,269,267,0,0,11,0,9,4,0,5740354900026072187
11,206,210,0,0,1,42,10,0,0,4675789866658660715
78,224,187,1,0,17,146,8,2,0,-6731172693245978932
162,453,457,1,0,1,47,10,0,0,6838600257294673172
64,339,347,0,0,17,7,13,0,0,5813627705764820915
11,209,556,0,0,23,0,8,0,0,-3539255441904693936
30,908,5155,0,0,14,22,9,0,0,-3351855755201760123
33,189,218,0,1,46,14,15,0,0,-7946270096485635694
9,345,373,0,1,5,0,16,0,0,6492582192417464400
29,82,228,0,0,2,0,12,0,0,1955706692482695097
0,23,29,0,0,0,0,15,0,0,5740354900026072187
81,244,254,0,0,27,0,11,0,0,-3515446863587841917
58,126,355,1,0,4,7,11,0,0,-4311546654940464465
36,319,317,1,0,4,15,21,4,0,6265786337064273765
0,468,515,0,0,9,26,12,0,0,5740354900026072187
44,57,106,0,0,6,0,14,1,0,5895749724743501386
56,261,169,1,0,0,16,8,0,0,986331183861009185
63,345,521,1,0,11,9,7,0,0,-393480412522524563
3,81,171,0,0,2,3,12,0,0,-854495573783613924
38,217,244,0,0,22,0,14,0,0,-4998834362093136721
0,47,42,0,0,1,20,12,0,0,5740354900026072187
28,431,431,0,0,17,32,12,0,0,8508069315380903533
114,602,724,0,0,57,0,10,0,0,-6209503091039215469
2,115,77,0,0,6,0,9,0,0,-1414629114455632840
46,480,466,0,0,25,20,15,0,0,-6192282606287687322
43,51,46,0,0,0,0,8,0,0,5104151136192912402
52,599,734,0,0,5,48,12,0,0,-8776743927875855237
39,664,830,1,0,32,33,13,0,0,-3182274482015768620
61,972,611,1,1,9,23,12,0,0,-4394716405724418864
3,577,616,0,0,23,19,10,0,0,4514277774955935001
47,175,176,0,0,2,12,12,2,0,1554445378308331293
0,93,101,0,0,0,10,11,0,0,5740354900026072187
9,192,233,1,0,1,40,10,1,0,-2019307005127777469
400,873,342,0,1,7,76,7,0,0,5904326038774225280
45,202,202,0,0,32,107,10,0,0,-372765841615971464
25,643,574,1,0,17,8,7,0,0,-5177911436734310725
14,139,3,1,0,0,140,14,0,0,7042761273908982079
2,405,471,0,0,0,32,20,0,0,5639997831804609719
5,154,199,0,0,5,0,7,0,0,4309666603314371846
162,804,690,0,0,100,0,11,0,0,-5040974583506204293
125,182,188,0,1,13,53,8,0,0,-9060684630219007444
1,95,45,0,0,0,0,10,0,0,3077456798300556925
2,56,65,0,0,0,0,10,0,0,6342873136919639280
17,395,369,0,0,30,18,13,0,0,-2215726059732434042
6,99,107,0,0,0,0,8,0,0,109268426045368547
84,228,97,0,0,0,10,11,0,0,7371630638171106903
78,301,462,0,0,47,0,17,0,0,-5550644899817518084
91,263,448,0,0,74,42,14,0,0,-4446831184624675794
111,1798,685,0,0,25,2,14,0,0,8255836160627847416
9,72,79,0,0,0,0,20,0,0,2160507582789111287
391,779,659,1,0,83,24,11,0,0,-7903345205187056513
195,488,825,0,0,0,139,11,0,0,3637241744896747501
5,88,143,0,0,4,34,8,0,0,-8001683801347494587
119,404,389,1,1,47,69,8,0,0,-7179363409872640303
18,145,141,0,1,1,137,13,0,0,-1666464533162347561
93,1000,450,0,0,9,0,11,0,0,-8336249135565406282
71,466,417,0,0,24,0,11,2,0,7535982173992542558
5,74,99,1,0,9,39,12,0,0,7728132944543933141
200,724,598,0,0,57,66,7,0,0,-7679544100567824561
18,216,245,0,0,96,0,13,0,0,8852567018953515278
193,393,455,1,0,18,17,8,0,0,4089438642777833183
10,227,255,1,0,6,136,10,0,0,-9131360001826036865
119,405,407,0,0,90,23,6,0,0,-4718340993519510498
11,115,102,1,0,1,24,6,0,0,2408272757182373472
13,182,214,1,0,3,69,12,0,0,-3403497800622211715
17,189,277,0,0,0,0,12,0,0,9041022427318446065
126,214,307,0,1,16,49,9,0,0,-664888463927508794
4,420,452,0,0,0,17,12,0,0,1447428501633098604
81,365,356,0,0,48,23,7,0,0,-7670236703160081566
223,441,359,1,1,65,75,13,0,0,3429208619239443739
73,706,653,1,0,34,22,8,0,0,30694214748137028
0,215,199,0,0,1,3,17,0,0,5740354900026072187
19,579,612,0,0,27,33,8,0,0,4095637535689853674
21,238,637,0,0,0,27,12,0,0,-8129445198741593443
207,336,565,0,0,55,0,8,0,0,-6657080383325787032
95,208,337,0,0,1,0,8,0,0,4893284644764775643
152,280,230,1,0,0,148,13,0,0,-7273181386022141014
28,256,310,0,0,5,106,10,0,0,-8587598526386942490
98,292,369,1,0,11,12,7,0,0,-3710286435084329688
433,201,298,1,0,14,9,10,0,0,5380569799445075110
0,287,332,0,0,25,40,14,0,0,5740354900026072187
16,213,207,1,0,31,36,9,0,0,5421286120867271577
74,255,432,0,0,4,0,10,0,0,5753784140923323069
153,475,621,1,0,69,29,11,0,0,6368959120372376502
1,274,257,1,0,8,32,17,4,0,5410408538773224689
58,220,282,0,0,13,0,14,4,0,2907727188603477815
113,3427,3555,0,1,10,136,8,0,0,8701343529750627988
4,380,365,1,0,11,43,11,0,0,4392298570335742940
52,188,180,1,0,12,10,12,0,0,-7757656186019595143
101,1486,993,1,1,22,144,13,2,0,-3580385654625587009
9,277,319,0,0,30,13,13,0,0,-5575323241281310363
4,44,29,0,0,10,0,15,0,0,-3142896917314226516
1,27,24,0,0,0,54,11,0,0,-8530645745857121392
8,332,337,0,0,16,0,11,0,0,-7921351534904763251
1,121,128,0,0,0,0,14,0,0,2693644168554346200
57,157,203,0,0,4,0,13,0,0,-240615880474104439
127,591,371,1,0,42,15,13,0,0,3785743267716739342
0,78,91,0,0,1,6,7,0,0,5740354900026072187
0,278,302,0,0,1,19,15,0,0,5740354900026072187
111,609,599,0,0,139,16,5,0,0,7881821093744469981
87,256,243,0,0,21,44,11,0,0,-5202328759672369735
357,200,132,0,0,3,0,14,0,0,646101741873217133
197,490,546,1,0,39,19,15,2,0,8282472655428106597
53,443,630,1,0,66,52,10,0,0,-9078129140422876711
65,387,455,0,0,10,0,12,0,0,-4622573557857256960
35,262,353,1,0,17,0,11,0,0,-1733030312074196123
21,457,707,0,0,20,10,13,0,0,1022441897279891356
294,372,335,0,0,6,0,6,0,0,-8701229251195970681
106,719,250,0,0,3,0,15,2,0,1737378881456349148
49,525,394,1,0,94,33,11,0,0,-4783979146191224109
6,219,198,0,0,0,0,12,0,0,3053648008019330192
22,71,53,0,0,0,71,17,0,0,5002383028882600595
3,141,146,0,0,0,5,10,0,0,1906327137592642373
6,194,256,0,0,3,13,12,0,0,6596141173311163549
80,682,636,0,0,121,0,17,0,0,7553931165374190671
33,272,251,0,0,15,0,14,0,0,7991951462488969452
34,193,185,1,0,6,17,12,0,0,-5843072108444117975
266,605,721,0,0,34,98,7,0,0,8007229021395045590
0,153,172,0,0,4,0,10,0,0,5740354900026072187
2,163,155,0,0,4,0,11,0,0,-9189292553822006871
24,192,220,0,0,7,0,15,0,0,-3871938762687328116
116,311,311,0,0,13,0,10,0,0,3124300492907468673
23,242,246,0,0,54,0,15,0,0,-3887727732966395096
2,223,261,0,0,0,12,9,0,0,7907750834545961145
50,226,279,0,0,15,0,13,0,0,7369650070332796049
36,287,251,0,0,19,0,13,0,0,-4452669493637697472
71,152,292,1,0,4,34,8,0,0,4471830036135870722
24,200,263,0,0,3,49,9,0,0,6592134726850329568
11,520,808,0,0,0,71,12,2,0,-2490211528584463044
17,249,283,0,0,50,59,10,2,0,-6142416318586477114
28,221,247,1,0,45,0,12,0,0,-588145138553735779
5,345,362,0,0,5,0,12,0,0,-3969063334642437673
90,265,270,1,0,30,2,11,0,0,1543062678220173285
28,464,514,0,0,11,0,7,0,0,-935103913387071872
29,186,298,0,0,2,0,11,0,0,-1925804381031244274
145,265,236,0,0,3,0,13,0,0,1154393900145865967
10,277,298,0,0,2,0,13,0,0,-7093346822960543813
9,187,172,0,0,11,0,6,0,0,-5913299464903602922
31,461,444,0,0,19,18,12,0,0,-8947910014666592742
31,615,587,0,0,41,17,7,0,0,8293327712314859989
119,546,509,1,0,34,134,8,0,0,4500197018612724258
145,453,516,0,0,74,64,15,0,0,-3884987416722717657
672,6255036,654,0,0,665233,0,13,1,0,-3196052078512227703
3,138,227,0,0,11,0,12,0,0,7485189003226869087
149,526,762,0,0,182,20,10,0,0,-6449068648884335913
315,727,789,0,1,104,43,10,0,0,-4989985791998017950
3,183,250,0,0,36,0,11,1,0,8673942370562272841
0,12,4,0,0,3,0,8,0,0,5740354900026072187
82,442,599,0,0,10,6,10,0,0,5357743079553093395
76,437,587,0,0,90,0,11,0,0,-2745491196818643093
55,225,238,0,0,38,0,15,0,0,1052964205469898601
4,113,195,0,0,0,0,11,0,0,2971106159490209302
24,86,129,0,0,18,0,9,0,0,-8333206113817639502
175,1502,1175,0,0,263,35,13,0,0,3990179333302111966
192,194,260,0,0,4,0,15,0,0,5443783491492346797
274,290,407,1,0,122,0,8,0,0,4834717837036701866
34,486,587,0,0,25,11,9,0,0,8952462210972441466
100,441,619,1,0,29,39,10,0,0,-5688507071649862458
405,913,837,1,0,121,1,11,2,0,5134141755719343976
151,810,777,0,0,68,78,12,0,0,7520052217710341090
192,379,446,0,0,60,0,10,0,0,8625681211053774323
387,272,528,0,0,30,32,10,0,0,7520413992052011074
481,1190,1299,0,0,91,0,14,0,0,-7799710933146335217
237,516,864,1,0,31,72,8,0,0,-2507121990347596432
353,478,549,1,0,37,46,11,0,0,4661858486303982382
63,612,674,1,0,7,20,11,0,0,-1440717829760834804
26,902,719,1,0,7,55,8,0,0,6840952841660906308
228,483,583,1,0,87,23,7,0,0,-5165845237460673836
369,347,365,1,0,130,0,15,0,0,2108826080022338614
974,609,1159,1,1,218,1,13,0,0,2107239308372099604
75,872,695,1,0,83,37,11,0,0,-3961055116047595933
126,442,446,0,0,63,21,10,0,0,-3382610760971187932
10,466,466,1,0,2,25,11,2,0,-5235218467636720918
59,539,663,0,0,50,0,11,0,0,-4687315948308518127
193,372,404,1,0,118,0,12,0,0,-649326386097608029
49,414,496,1,0,25,107,9,0,0,-8718562624780352887
173,226,266,1,0,4,0,13,0,0,-4707366123611423066
96,388,1043,0,0,57,149,11,0,0,-4406115956248872678
309,653,598,1,0,98,0,7,0,0,-6456191507888536329
9,585,897,1,0,44,13,11,0,0,6334841472770416949
9,347,349,0,0,13,0,7,0,0,8697465813408979630
202,541,506,0,0,1,132,16,0,0,-6381660075876336653
79,142,172,0,1,36,0,6,0,0,-6147544875437282942
567,399,409,0,0,59,70,7,0,0,2860750919071316344
203,1002,1231,1,0,153,0,14,0,0,8264623397204304359
18,128,254,0,0,66,0,8,0,0,-3905472472494429514
280,1136,1012,1,0,293,0,8,0,0,6831713397423492973
278,366,611,1,0,42,0,6,0,0,1894019218979349359
684,513,568,0,0,47,15,9,0,0,8121058413025544260
578,1010,1014,0,0,314,0,10,0,0,-2430619759997040345
207,579,789,1,0,34,119,11,0,0,5824992555879667608
104,295,364,1,0,6,0,9,0,0,8531106085323706273
10,593,895,0,0,13,0,10,0,0,-966286051475838424
36,606,726,1,0,39,0,9,0,0,-7445510179423709925
68,716,559,0,0,5,0,11,0,0,-8924821989933920309
16,100,100,0,0,0,1,13,0,0,1373030630845447636
63,340,425,0,0,87,0,5,0,0,-8848094427328257704
68,319,391,0,0,39,0,10,0,0,-3212683889176547074
122,977,983,0,0,155,135,8,0,0,7061506579036160665
263,927,969,1,0,119,0,13,0,0,-2176433215529580451
99,414,434,0,0,12,0,10,0,0,-4876595469741561321
100,415,741,1,0,2,0,12,0,0,-4571730767541088306
10,446,474,0,0,96,0,15,0,0,6843947630943949520
38,388,473,0,0,19,0,12,0,0,4066550571820678039
68,301,398,0,0,11,0,7,0,0,-1748246641372042460
167,190,356,0,0,9,0,6,0,0,-4692693074672630041
12,191,224,0,0,15,0,8,0,0,-1924391643215415485
32,212,250,1,0,0,23,10,4,0,-6409635510437089008
75,338,429,1,0,4,84,17,0,0,2667113635773450050
9,210,198,0,1,3,0,12,0,0,7873771627322122405
16,853,838,0,0,8,4,13,0,0,8444494917658680798
31,973,805,1,1,110,64,14,0,0,8312667001144643455
119,308,498,1,0,50,0,12,0,0,-4831711478168772635
95,628,959,1,0,40,0,7,0,0,288836360404901102
48,209,401,1,0,38,11,10,0,0,-2492397727166694697
37,155,273,0,0,10,0,14,0,0,7027320979422285090
0,540,655,0,0,3,6,10,0,0,5740354900026072187
2,194,225,1,0,12,0,10,0,0,1114131212407624281
394,336,359,1,0,62,5,9,0,0,-9110370698298637765
91,467,507,0,0,76,0,11,0,0,-2247718118648680614
102,329,259,0,0,27,14,10,0,0,-3669478166932053519
50,360,417,1,0,6,116,12,1,0,-3911748446278032796
19,324,337,0,0,68,0,10,0,0,-7887452207327818446
16,215,263,1,0,29,21,10,0,0,-8705309286196285196
127,365,467,0,0,47,0,9,0,0,-67597823020687719
49,358,493,1,0,44,44,11,0,0,3822205291315123138
14,437,661,0,0,67,0,9,0,0,7724137135522477151
37,484,611,0,0,46,37,11,0,0,-6663236290388248390
112,535,463,0,0,57,0,7,0,0,-6970806514534561376
302,418,396,1,0,3,16,12,0,0,8273266221273160216
297,362,1056,0,0,124,0,12,0,0,-7826897612869592438
34,749,663,0,0,32,25,6,0,0,5739898922639343426
179,530,903,1,0,7,41,14,0,0,8704594323992470187
5,380,385,1,1,0,4,11,0,0,8297283305870358857
17,91,114,0,0,2,0,11,1,0,3442804160608276089
92,352,331,0,0,33,0,9,0,0,1349438553367716665
99,322,305,0,0,47,31,11,0,0,-6767714740807312754
47,138,133,1,0,12,31,10,0,0,-4184960516969200674
0,208,296,0,0,14,0,7,1,0,5740354900026072187
54,305,337,0,0,57,1,13,0,0,-7764437600819684402
150,344,421,0,0,29,0,10,0,0,8465697247290256673
25,448,480,0,0,50,0,9,0,0,-6998851061231818809
68,618,706,0,0,143,0,12,0,0,-5174178354862730232
45,248,299,0,0,326,18,12,0,0,-397754292927856430
65,283,345,0,0,30,0,8,0,0,-5151002668442016085
74,278,295,1,0,80,116,15,0,0,-4282695096201065167
20,353,584,0,0,67,0,9,0,0,3332021120623845430
3,244,284,0,0,166,0,9,0,0,2558919041210506187
56,684,725,0,0,72,0,14,0,0,-8241834904716285366
93,546,589,0,0,119,0,11,0,0,3323011686578307970
162,558,610,1,0,2,36,10,0,0,-1693814586321785583
157,414,373,1,0,34,25,12,0,0,2946853143853748555
37,342,304,0,0,116,0,14,0,0,6508651277105170194
23,361,415,1,0,45,0,12,0,0,1617486546663354184
219,592,495,0,1,118,33,10,0,0,-8669474853653901499
62,695,612,0,0,33,18,8,0,0,6840792760526148085
22,416,463,0,0,13,26,10,0,0,9016124018442202374
29,499,625,0,0,8,20,8,2,0,4677489370899313509
232,396,447,0,0,118,0,10,0,0,-8639780661365751579
230,572,689,0,0,36,0,10,0,0,-203291935392322392
137,399,398,0,0,96,0,6,0,0,1547730443723364115
43,387,780,0,0,38,0,9,0,0,-783157140143735348
91,2060,1020,1,0,160,0,11,0,0,7697867479500539146
170,494,642,0,0,88,0,11,0,0,3582309122268363335
155,428,625,0,0,0,0,14,0,0,-3392445259888336444
512,418,816,0,0,217,1,10,0,0,5544018619331080287
411,967,1331,1,1,56,14,6,0,0,2907845226766401320
11,209,557,0,0,23,0,8,0,0,-3539255441904693936
24,284,472,1,0,2,0,10,0,0,5225533938036046579
31,397,549,1,0,18,0,9,0,0,-1028445381188266167
0,314,484,0,0,1,0,13,1,0,5740354900026072187
6,322,424,0,0,16,150,14,0,0,-969993919654743753
11,100,110,0,0,7,0,9,0,0,-273134737771435792
31,259,306,1,0,0,31,7,0,0,-6517812261367746606
16,160,163,0,0,5,18,14,0,0,1746781984104134401
62,369,587,1,0,0,95,12,0,0,3092103621450810878
0,185,189,0,0,0,0,10,0,0,5740354900026072187
6,117,81,1,0,0,50,9,0,0,-4859491810928819450
4,204,260,0,0,40,0,11,0,0,-58915238371990301
94,264,1803,0,0,3,65,13,3,0,3931651467874431843
27,1131,885,1,0,50,0,13,0,0,6133277839450652036
20,421,473,0,0,1,56,14,0,0,1132833691118148582
34,240,346,0,0,12,0,11,0,0,2273045354558081338
58,876,785,1,0,14,19,8,4,0,-324701110116243742
3,184,231,0,0,3,0,8,2,0,6967008650406084157
5,144,1152,0,0,2,0,12,0,0,-2364664482611127357
12,38,39,0,0,0,0,10,4,0,4998171086928421361
91,353,348,0,0,18,27,7,0,0,4810940980116176407
210,666,955,0,1,46,76,13,0,0,-2110287474426626511
113,714,1601,0,0,0,0,15,0,0,426836280768991618
76,257,712,1,0,2,30,9,0,0,2567341939717205833
129,117,111,0,0,32,0,6,0,0,-2529767494308621028
11,95,275,0,0,2,0,12,0,0,2305502832077436110
0,107,150,0,0,0,0,14,0,0,5740354900026072187
26,402,436,0,0,28,25,12,0,0,8936717370433283526
3,522,350,1,0,2,24,9,2,0,-2867128265262699885
24,282,303,0,0,23,0,7,0,0,-8306783434830122788
450,1013,1028,1,0,21,46,9,0,0,-6100337798517168314
8,623,437,1,0,4,0,6,0,0,5850724623024257157
62,176,169,0,0,11,0,9,0,0,-2597886845035858097
64,249,314,1,0,2,0,11,0,0,7693441379871837947
73,653,862,1,0,8,90,12,2,0,1584244350799979329
43,121,134,1,0,2,14,13,0,0,-4163362412388392501
12,515,460,1,0,4,0,12,0,0,-2110164206987738678
2,124,140,0,0,16,103,8,2,0,-5454424912042304375
23,617,529,0,0,12,63,8,0,0,438414604319331177
0,74,92,0,0,0,12,9,4,0,5740354900026072187
106,1555,1105,0,0,106,0,14,0,0,-1018805540915528346
810,1512,1424,1,1,408,28,11,0,0,6116065065158065224
289,1025,910,1,0,226,133,10,0,0,-1442500209199103422
191,880,535,0,0,70,0,13,0,0,497296777710843702
222,1250,789,1,1,68,14,11,0,0,-8168122287353065175
191,806,983,1,0,23,58,11,1,0,-5445436358524646986
12,411,501,1,0,24,0,11,0,0,-4222573373481058809
15,250,293,0,0,21,19,16,0,0,-4202305735026281159
39,150,94,0,0,14,0,12,2,0,-7058389446991731089
26,177,182,0,0,60,0,7,0,0,4829751946486260320
1,250,301,0,0,19,10,7,0,0,-5556675795843716672
33,173,132,0,0,5,0,10,0,0,3273533652507290765
45,179,198,0,0,22,24,15,0,0,-713771821520400389
24,557,572,1,0,42,27,11,0,0,-5437764049897797345
92,430,685,0,0,13,0,7,2,0,-5225010237746310476
0,7,4,0,0,0,0,13,2,0,5740354900026072187
197,302,739,0,0,212,0,9,0,0,3651381766942895180
4,175,298,0,0,84,0,16,0,0,641255346954359749
40,504,469,0,0,61,0,11,0,0,-9115368577862153101
15,40,22,0,0,0,0,6,2,0,8642839015207249533
0,59,87,0,0,0,0,12,2,0,5740354900026072187
0,177,10,0,0,6,0,5,0,0,5740354900026072187
1,204,235,0,0,60,0,13,0,0,-7019062400389536001
36,57,157,0,0,0,28,13,3,0,-1395187820098720031
22,315,314,0,0,1,0,11,2,0,-8717087518194498713
48,279,573,1,0,109,0,11,0,0,8584792975952404893
51,475,1047,0,0,84,0,7,0,0,6228941208479376482
24,367,436,0,0,13,0,6,2,0,2189722700778870441
77,366,555,1,0,18,30,10,0,0,5961265695706019594
120,1364,629,1,0,52,24,12,0,0,5586520995836721625
219,478,597,0,0,34,18,7,0,0,-3537217094926857153
0,63,104,0,0,1,0,12,0,0,5740354900026072187
96,610,489,1,0,15,55,13,0,0,-4983408537082891687
59,429,408,0,0,15,0,16,0,0,2186478725338444918
2,243,142,0,0,5,0,10,0,0,-6819651616714192805
52,445,365,0,0,62,23,8,0,0,-5425822828336355871
464,470,683,0,0,115,0,7,0,0,-2837610344273871284
26,289,200,0,0,15,51,11,0,0,-8285706830949397791
44,343,482,0,0,29,0,12,0,0,7331523806915997691
79,187,268,1,0,185,0,8,0,0,-4645290274518013228
481,502,858,0,0,96,1,11,0,0,8803260716602623328
49,752,285,0,0,3,0,5,0,0,-8295160377833333045
116,968,1124,1,0,119,117,12,0,0,7858757243726044798
72,228,304,0,0,15,0,8,0,0,3640638551497536481
21,226,456,0,0,0,0,10,4,0,-5526565156388585888
54,120,154,1,0,0,54,9,0,0,-7448899414767352631
1,5,15,0,0,0,0,16,4,0,-6744320170430543580
31,338,304,0,0,2,8,10,0,0,6699127429317314221
7,194,211,1,0,3,35,10,0,0,3256778004120826860
0,88,221,1,0,0,31,11,0,0,5740354900026072187
0,95,140,1,0,0,0,11,0,0,5740354900026072187
0,40,45,0,0,0,11,10,4,0,5740354900026072187
3,327,391,0,0,12,0,13,0,0,-8506357937186382372
0,4,9,0,0,0,0,17,0,0,5740354900026072187
22,271,277,0,0,0,57,16,0,0,-7079259583286773999
50,358,367,1,1,2,0,14,0,0,-1763236731485876701
0,27,71,0,0,0,0,15,0,0,5740354900026072187
1,37,9,0,0,0,0,15,0,0,8024697122456776436
56,317,380,0,0,22,30,7,0,0,801387976512301729
13,536,559,1,0,38,0,7,0,0,-5920736052284970995
111,599,788,1,0,69,50,15,0,0,2042091645416555488
1,135,12,0,0,22,16,11,0,0,5540369184108244797
21,433,449,0,0,53,139,11,0,0,-5737196034152607553
207,831,896,1,0,121,0,14,0,0,-7039315398856964295
569,1015,978,1,1,73,118,10,0,0,-2000416670496050296
0,227,215,0,0,1,4,12,2,0,5740354900026072187
96,337,390,0,0,112,0,7,0,0,1992846493739611195
58,483,474,0,0,72,0,9,0,0,2471868422718176407
168,355,953,0,0,50,33,8,0,0,815812408652479001
281,419,522,0,1,172,1,12,0,0,8511878532416216484
23,473,706,0,0,19,0,13,2,0,4247717869863874210
24,304,339,0,0,60,0,14,0,0,2584093015818427513
687,325,387,1,0,59,40,11,0,0,-3846245336594399565
90,487,596,0,0,40,24,10,0,0,-2839103934160542687
0,73,50,0,0,0,0,7,0,0,5740354900026072187
164,440,606,0,0,47,1,9,0,0,-2400755634346042418
35,305,343,0,0,3,48,13,0,0,-8937635742099295860
4,175,39,0,0,20,0,11,0,0,5602367605104321280
45,362,437,1,0,4,23,10,0,0,-2755096636116648065
78,544,505,1,0,21,39,11,0,0,-6689012317303802086
163,316,709,0,0,38,0,12,0,0,-9064845631815054971
100,950,659,1,0,36,5,13,0,0,2616696660842308725
64,148,157,0,0,11,0,8,0,0,-5307653521831089798
31,585,663,0,0,61,42,10,0,0,175704572737295372
57,409,420,0,0,107,0,10,0,0,-5971804934648516024
94,502,487,0,0,72,75,10,0,0,-3041905078504365424
17,543,731,0,0,159,0,8,0,0,-8859479816056982078
1000,389,333,1,0,24,97,10,0,0,3569194032657573546
130,1783,983,0,0,182,0,8,0,0,4942714675141057734
160,301,324,1,0,28,50,6,0,0,-5924432728817517078
83,895,704,1,1,53,10,13,0,0,-2582038088617254144
31,695,632,0,0,53,49,12,0,0,-4087277715941469955
65,444,354,1,0,61,5,12,0,0,-513970355580305636
14,411,409,1,0,23,12,12,1,0,-6285041837357852662
16,307,396,0,0,15,22,12,0,0,-8614205136075569386
73,478,487,1,0,26,17,5,0,0,-2545333660642504350
31,383,824,0,0,42,6,7,0,0,6809174149428743903
0,213,700,0,0,23,13,13,0,0,5740354900026072187
0,153,172,0,0,4,0,10,0,0,5740354900026072187
97,745,995,0,0,62,25,10,0,0,5091987683870427583
13,549,607,0,0,36,0,14,0,0,1231770860330526407
41,381,342,0,0,14,23,7,0,0,6749870180511712037
25,310,306,1,0,0,21,13,0,0,1087246918824766531
47,427,418,1,0,6,0,11,0,0,-1151096281145818636
38,371,370,1,0,40,19,13,0,0,-4196756209156545419
52,280,433,0,1,3,56,14,0,0,1914082452517550527
67,497,429,0,0,74,0,13,0,0,2476509888089588196
61,473,391,1,0,48,39,13,0,0,6683484687528918638
16,329,348,1,0,22,16,6,0,0,-708872267587759639
36,541,581,1,0,11,0,14,0,0,1320463113681281544
79,414,452,1,0,25,59,10,0,0,-8918699285624923651
42,346,326,0,0,7,14,11,0,0,7380437874043604320
61,573,570,0,0,65,6,11,0,0,8247487121753217769
46,544,501,1,0,25,39,9,0,0,-1051025101271765264
21,457,707,0,0,20,10,13,0,0,1022441897279891356
80,437,461,1,0,20,0,6,0,0,158131349177161615
112,714,597,1,0,50,3,13,0,0,-4838301452347825361
43,271,268,1,0,24,34,11,0,0,-95058605933184275
159,392,386,0,0,7,126,12,0,0,7416232055179955128
96,626,627,1,0,47,1,17,0,0,2459107118539060330
89,829,973,1,0,43,31,14,0,0,1798523927176778687
51,496,567,1,0,33,14,12,0,0,7316494274879247034
25,200,237,0,0,56,0,6,0,0,1590567408160012517
44,439,516,0,0,17,16,6,0,0,2707394333308673629
36,273,404,0,0,22,0,12,0,0,-9118986743546894578
14,283,373,1,0,34,8,14,2,0,-307195801607331572
25,410,365,1,0,3,41,14,0,0,-5515001040377342485
66,475,470,1,0,46,0,11,0,0,-2864704812639853624
74,571,482,1,0,23,33,7,0,0,-2896323242190235751
24,710,567,0,0,2,33,16,0,0,9132859217151171101
0,2,0,0,0,0,0,12,0,0,5740354900026072187
613,989,898,1,0,18,26,9,0,0,4300646915410586991
52,611,614,0,0,22,22,8,0,0,-1741044047192232225
78,240,338,1,0,36,22,15,0,0,-8834405475299471987
66,387,455,0,0,10,0,12,0,0,3533938056394519025
94,806,739,0,0,52,0,13,0,0,2710943478067150787
35,738,570,0,0,46,13,14,0,0,-4648011853802964009
40,326,374,1,1,0,6,9,0,0,1558387053062430871
51,448,408,1,0,11,0,14,0,0,-2838498959667900994
37,315,354,1,0,8,0,13,0,0,6275378164652114917
266,605,721,0,0,34,98,7,0,0,8007229021395045590
37,981,1151,0,0,92,66,14,0,0,4738862324204438348
69,536,526,0,0,208,0,13,0,0,-7965401992448517286
27,794,784,0,0,103,0,11,0,0,7812076047159666407
196,300,177,1,0,0,102,11,0,0,7786645203150015538
165,630,663,0,0,65,39,15,0,0,8367689983028027472
94,469,536,1,0,26,32,11,0,0,-1979609710527909795
39,659,649,0,0,43,14,10,0,0,9050156714743862692
65,505,461,0,0,28,10,14,0,0,1957587993683529176
13,489,468,0,0,29,84,6,0,0,-4388419978229297964
96,563,616,1,0,51,8,8,0,0,-8485669874325724511
4,316,308,0,0,11,48,12,0,0,7891439441118291515
31,349,368,0,0,15,33,13,0,0,2980185154019374505
56,388,453,0,0,57,0,10,0,0,-5780609018826717779
48,398,495,1,0,10,72,11,0,0,501475815783592509
77,548,453,1,0,33,35,9,0,0,8920111597850594447
30,456,538,0,0,0,8,11,0,0,1299931006801641482
71,489,817,0,0,23,0,14,0,0,-3301890685773257826
17,250,283,0,0,50,59,10,2,0,-6142416318586477114
79,560,626,0,0,40,0,11,0,0,-7912095415453657694
59,256,277,0,0,24,0,9,0,0,443209760140298503
26,303,335,0,0,23,22,12,0,0,8880187485691130530
12,270,318,0,0,10,23,11,0,0,2347126439063456327
11,175,179,0,0,4,6,5,0,0,8616278339446948568
116,311,311,0,0,13,0,10,0,0,3124300492907468673
1,173,248,0,0,6,0,12,0,0,-8636415201505175426
